Parody,Count
original,67410
touhou project,25988
kantai collection,15806
the idolmaster,13912
pokemon,13488
fate grand order,9056
blue archive,8550
genshin impact,4016
hololive,3974
azur lane,3972
my little pony friendship is magic,3786
granblue fantasy,3768
to love-ru,3422
mahou shoujo lyrical nanoha,3254
ben 10,3044
gochuumon wa usagi desu ka,3044
princess connect,3024
the simpsons,2944
cardcaptor sakura,2878
fate kaleid liner prisma illya,2714
naruto,2322
the loud house,2076
sonic the hedgehog,2056
girls und panzer,2010
bakemonogatari,1944
ore no imouto ga konna ni kawaii wake ga nai,1916
star vs. the forces of evil,1890
ojamajo doremi,1838
sailor moon,1832
kono subarashii sekai ni syukufuku o,1792
puella magi madoka magica,1662
toaru project,1600
k-on,1562
lucky star,1498
league of legends,1370
flower knight girl,1292
vocaloid,1244
girls frontline,1222
sword art online,1180
zero no tsukaima,1142
strike witches,1124
boku wa tomodachi ga sukunai,1118
neon genesis evangelion,1056
love live,1020
pripara,1010
avatar the last airbender,998
mitsudomoe,990
mahou sensei negima,948
bleach,946
the melancholy of haruhi suzumiya,894
the legend of zelda,890
hayate no gotoku,888
rozen maiden,874
arknights,846
eromanga sensei,842
kobayashi-san-chi no maid dragon,824
boruto,810
koikatsu,802
kemono friends,800
code geass,798
fairy tail,772
smile precure,768
detective conan,746
ragnarok online,742
higurashi no naku koro ni,728
youkai watch,722
digimon,716
love hina,708
voiceroid,688
fate stay night,674
one punch man,670
martian successor nadesico,664
splatoon,658
toradora,650
hyperdimension neptunia,642
one piece,628
disgaea,618
youjo senki,610
kodomo no jikan,604
fushigiboshi no futagohime,604
doraemon,594
power pack,594
karakai jouzu no takagi-san,594
etrian odyssey,592
sennen sensou aigis,592
the last of us,558
nijisanji,558
saki,556
digimon adventure,554
sister princess,538
yu-gi-oh,524
the fairly oddparents,524
the incredibles,514
shinrabansho,502
chuunibyou demo koi ga shitai,502
infinite stratos,496
gravity falls,496
re zero kara hajimeru isekai seikatsu,484
punishing gray raven,482
heartcatch precure,476
elsword,472
mamono musume zukan,470
shakugan no shana,468
amagi brilliant park,464
resident evil,456
dokidoki precure,454
spy x family,454
steven universe,450
watashi ni tenshi ga maiorita,450
aikatsu,446
onii-chan wa oshimai,442
the powerpuff girls,440
tera,434
lilo and stitch,430
ichigo mashimaro,424
dragon quest v,424
ah my goddess,420
sakura taisen,420
megaman,420
my hero academia,418
animal crossing,412
ro-kyu-bu,406
super mario brothers,400
non non biyori,396
yuruyuri,394
star wars,384
powerpuff girls z,382
suite precure,378
made in abyss,378
lotte no omocha,376
dragon ball,372
ryuuou no oshigoto,364
idol wars z,362
harry potter,352
pretty cure,346
accel world,346
super robot wars,344
bang dream,344
dragon quest,340
angel beats,340
monster hunter,336
azumanga daioh,332
futari wa pretty cure,332
overwatch,330
yotsubato,326
samurai spirits,324
tsukihime,322
gegege no kitarou,322
uma musume pretty derby,322
tenchi muyo,314
tantei opera milky holmes,314
toheart2,312
digimon tamers,312
alice in wonderland,308
phineas and ferb,308
macross frontier,306
the legend of heroes,306
shinryaku ika musume,306
kiniro mosaic,306
goblin slayer,302
dead or alive,300
hey arnold,296
final fantasy xiv,294
yama no susume,292
mushoku tensei,288
galaxy angel,286
hentai ouji to warawanai neko,286
blazblue,284
dog days,284
xenogears,280
cardfight vanguard,280
honkai gakuen,280
hilda,280
jackie chan adventures,276
the owl house,276
maho girls precure,272
qualidea code,272
queens blade,268
persona 4,262
kirakira precure a la mode,260
the elder scrolls,256
ano hi mita hana no namae wo bokutachi wa mada shiranai,254
puella magi madoka magica side story magia record,254
komi-san wa komyushou desu.,254
summon night,250
teen titans,250
its not my fault that im not popular,250
hugtto precure,250
kimetsu no yaiba,250
dragon quest iii,248
mon colle knights,248
kannagi,246
the legend of korra,244
sekai seifuku bouryaku no zvezda,238
rwby,234
nichijou,232
tsugumomo,232
senran kagura,232
date a live,232
fate zero,230
tamako market,230
love live sunshine,230
midnight girls,230
chobits,228
the world god only knows,228
spider-man,228
world of warcraft,226
final fantasy vii,224
peace hame,224
king of fighters,222
spice and wolf,222
zettai karen children,222
wakfu,222
kill la kill,222
darkstalkers,220
zettai junpaku mahou shoujo,220
sora no otoshimono,220
keroro gunsou,216
yes precure 5,216
tengen toppa gurren lagann,214
minami-ke,212
wreck it ralph,212
go princess precure,212
rance,210
soul eater,210
kino no tabi,210
clannad,210
no game no life,210
new game,210
kiratto pri chan,210
guilty gear,206
inu x boku ss,202
kamihime project,202
tokyo necro suicide mission,202
thundercats,200
persona 5,200
adventure time,198
highschool dxd,198
tensei shitara slime datta ken,198
chousoku henkei gyrozetter,196
the amazing world of gumball,194
onegai teacher,192
inspector gadget,192
brandish,192
working,192
kyoukai senjou no horizon,190
little red riding hood,188
onegai my melody,186
final fantasy,186
koihime musou,186
yu-gi-oh zexal,186
little busters,184
overlord,184
arcana heart,182
oda nobuna no yabou,182
ashita no nadja,180
ore twintail ni narimasu.,180
fun fun pharmacy,178
senki zesshou symphogear,178
yahari ore no seishun love come wa machigatteiru,178
uchuu no stellvia,176
little witch academia,176
star twinkle precure,176
dragon ball z,174
happinesscharge precure,174
to heart,172
gundam zz,172
street fighter,172
rosario vampire,172
monster girl quest,172
five nights at freddys,172
gakkou no kaidan,170
tate no yuusha no nariagari,170
peanuts,168
skullgirls,168
dragon quest xi,168
gj-bu,166
log horizon,166
final fantasy xi,164
yuyushiki,164
dungeon ni deai o motomeru no wa machigatteiru darou ka,164
bomber girl,164
honkai star rail,164
pangya,162
darker than black,162
anyamaru tantei kiruminzoo,162
libertys kids,162
black bullet,162
xenoblade chronicles 2,162
bakusou kyoudai lets and go,160
pretty sammy,160
battle spirits,160
selector infected wixoss,160
inside out,160
puyo puyo,156
dungeon fighter online,156
danganronpa,156
undertale,156
hataraku saibou,156
cosmic baton girl comet-san,154
dennou coil,154
the ring,154
inazuma eleven,154
frozen,154
puzzle and dragons,152
gunslinger girl,148
dora the explorer,148
shingeki no kyojin,148
otogi-jushi akazukin,146
bamboo blade,146
hyouka,146
eureka 7,144
dragon ball gt,144
mai-hime,142
vividred operation,142
yuru camp,142
7th dragon,140
baka to test to shoukanjuu,140
quiz magic academy,138
berserk,138
monster musume no iru nichijou,138
papa no iu koto wo kikinasai,138
dorei to no seikatsu,138
dragon ball super,136
utawarerumono,134
mega man star force,134
akazukin chacha,134
fosters home for imaginary friends,134
maplestory,134
haiyore nyaruko-san,134
gundam build fighters,134
the ghost and molly mcgee,132
gotoubun no hanayome,130
amphibia,130
makai tenshi jibril,128
shugo chara,128
hidamari sketch,128
mobile suit gundam tekketsu no orphans,128
little witch nobeta,128
kirby,126
mahoujin guru guru,126
fire emblem awakening,126
ultraman,124
sword art online alternative gun gale online,124
beatmania,122
tales of xillia,122
outbreak company,122
medabots,120
kim possible,120
ecoko,120
angelic layer,120
another,120
yoru no yatterman,120
smite,120
bocchi the rock,120
cowboy bebop,118
tales of vesperia,118
atelier totori,118
he is my master,116
ar tonelico,116
dexters laboratory,116
denpa onna to seishun otoko,116
gintama,114
kanon,114
gosick,114
the walking dead,114
gate - jieitai kano chi nite kaku tatakaeri,114
kizuato,112
tonari no miko-san wa minna warau,112
nekopara,112
black rock shooter,112
shirobako,112
warship girls,112
inuyasha,110
moetan,110
inyouchuu,110
yosuga no sora,110
tales of symphonia,108
gundam,108
sono hanabira ni kuchizuke o,108
inma kourin devil carnival,108
sono bisque doll wa koi o suru,108
danny phantom,106
umineko no naku koro ni,106
w.i.t.c.h.,106
tenshi no 3p,106
oban star-racers,106
animaniacs,104
zootopia,104
dororo,102
code lyoko,100
fire emblem,100
atomic betty,100
touken ranbu,100
os-tan,98
mai-otome,98
alvin and the chipmunks,98
ano natsu de matteru,98
saenai heroine no sodatekata,98
kuma miko,98
kunoichi tsubaki no mune no uchi,98
witchblade,96
maria-sama ga miteru,96
kaitou tenshi twin angel,96
kuroinu kedakaki seijo wa hakudaku ni somaru,96
brave girl ravens,96
pani poni dash,94
ace attorney,94
my life as a teenage robot,94
sayonara zetsubou sensei,94
ed edd n eddy,94
cyberpunk,94
kill me baby,92
jahy-sama wa kujikenai,92
shokugeki no soma,90
hitsugi no chaika,90
fire emblem if,90
di gi charat,88
kimikiss,88
shaman king,88
spirited away,88
baby princess,88
super radical gag family,88
eiyuu senki,88
photo kano,88
energy kyouka,88
psychonauts,88
ijiranaide nagatoro-san,88
miru tights,88
hamtaro,86
fire emblem mystery of the emblem,86
konjiki no gash,86
hotel transylvania,86
teekyuu,86
akame ga kill,86
seto no hanayome,84
black cat,84
gunparade march,84
magic knight rayearth,84
kiddy grade,84
cave story,84
love plus,84
jewelpet tinkle,84
crash bandicoot,84
akuma no riddle,84
dagashi kashi,84
sousou no frieren,84
read or die,82
demonbane,82
zoids genesis,82
arthur,82
wonder woman,82
sewayaki kitsune no senko-san,82
turning red,82
super doll licca-chan,80
mega man legends,80
hibike euphonium,80
blend s,80
last origin,80
tropical-rouge precure,80
fate hollow ataraxia,78
hanasaku iroha,78
ok k.o. lets be heroes,78
jashin-chan dropkick,78
onegai twins,76
fullmetal alchemist,76
shin megami tensei,76
the addams family,76
mass effect,76
genshiken,74
seiken densetsu 3,74
xenosaga,74
shuukan watashi no onii-chan,74
ranma 12,74
fallout,74
dream c club,74
steinsgate,74
nagi no asukara,74
phantasy star online 2,74
omori,74
da capo,72
comic party,72
bakugan,72
cooking idol ai mai main,72
borderlands,72
sengoku collection,72
mujaki no rakuen,72
world trigger,72
wolfwalkers,72
kingdom hearts,70
air,70
joshiraku,70
kamisama minarai himitsu no cocotama,70
gundam build divers,70
ayakashi rumble,70
tsukuyomi moon phase,68
tokimeki memorial,68
tales of the abyss,68
hunter x hunter,68
yumekui merry,68
solatorobo,68
a hat in time,68
senpai ga uzai kouhai no hanashi,68
machikado mazoku,68
fruits basket,66
fushigi no umi no nadia,66
tomb raider,66
amagami,66
ookami-san to shichinin no nakama-tachi,66
ikoku meiro no croisee,66
kore wa zombie desu ka,66
chihayafuru,66
joshi shougakusei hajimemashita,66
high school fleet,66
shadowverse,66
gabriel dropout,66
isekai maou to shoukan shoujo no dorei majutsu,66
sound voltex,66
2x2 shinobuden,64
hajimete no orusuban,64
kanokon,64
goof troop,64
south park,64
beat blades haruka,64
taimanin asagi,64
taimanin yukikaze,64
suisei no gargantia,64
silver spoon,64
owari no seraph,64
utawarerumono itsuwari no kamen,64
mitsuboshi colors,64
stardew valley,64
jigoku shoujo,62
kikis delivery service,62
ukagaka,62
warioware,62
emil chronicle online,62
coraline,62
rugrats,62
asobi ni iku yo,62
heavens memo pad,62
game of thrones,62
nanatsu no taizai,62
gakkou gurashi,62
lord el-melloi ii sei no jikenbo,62
princess crown,60
digimon frontier,60
school days,60
the adventures of jimmy neutron boy genius,60
lightning warrior raidy,60
maken-ki,60
aquarion evol,60
grisaia no kajitsu,60
the wolf and the seven young kids,60
under night in-birth,60
girl friend beta,60
gundam build fighters try,60
miraculous ladybug,60
boku dake ga inai machi,60
ero trap dungeon,60
waka okami wa shougakusei,60
kaguya-sama wa kokurasetai,60
black lagoon,58
dokkoida,58
kasumin,58
journey to the west,58
fresh precure,58
seikon no qwaser,58
oni chichi,58
scooby-doo,58
mouretsu pirates,58
warhammer,58
nurse witch komugi,56
yumeria,56
kamichu,56
dennis the menace,56
megaman battle network,56
gaogaigar,56
codename kids next door,56
the marshmallow times,56
dragon quest vii,56
highschool of the dead,56
hyakka ryouran samurai girls,56
akb0048,56
magi the labyrinth of magic,56
homestuck,56
rage of bahamut,56
show by rock,56
kono bijutsubu ni wa mondai ga aru,56
rick and morty,56
tokyo mew mew,54
onmyou taisenki,54
renkin san-kyuu magical pokaan,54
gotcha force,54
ikkitousen,54
panty and stocking with garterbelt,54
hidan no aria,54
dragons crown,54
un-go,54
tari tari,54
nisekoi,54
mondaiji-tachi ga isekai kara kuru sou desu yo,54
namiuchigiwa no muromi-san,54
violated heroine,54
bobs burgers,54
oshiete galko-chan,54
shironeko project,54
alice gear aegis,54
love live nijigasaki high school idol club,54
school rumble,52
final fantasy ix,52
mahoromatic,52
rune factory,52
yakitate japan,52
the mighty b,52
tiny toons,52
how to train your dragon,52
danball senki,52
shoujo x shoujo x shoujo,52
dragon quest x,52
onii-chan dakedo ai sae areba kankeinai yo ne,52
ib,52
arpeggio of blue steel,52
ao no kanata no four rhythm,52
dragon quest iv,50
mabinogi,50
growing up creepie,50
10 carat torte,50
a channel,50
digimon xros wars,50
perman,50
acchi kocchi,50
yu-gi-oh arc-v,50
zenkoku seifuku bishoujo grand prix,50
tokyo 7th sisters,50
valkyrie drive,50
wonderland wars,50
nier automata,50
koe no katachi,50
zombie land saga,50
ichigo 100,48
overman king gainer,48
gad guard,48
gundam 00,48
odin sphere,48
mermaid melody pichi pichi pitch,48
kurenai,48
azuki-chan,48
saber marionette,48
batman,48
koi to senkyo to chocolate,48
mikakunin de shinkoukei,48
yuuki yuuna wa yuusha de aru,48
ooyasan wa shishunki,48
hikaru no go,46
suigetsu,46
x-men,46
d.gray-man,46
the grim adventures of billy and mandy,46
live on cardliver kakeru,46
busou shinki,46
mirai nikki,46
dragon nest,46
five nights at freddys high school,46
playkids,46
honzuki no gekokujou,46
the witcher,46
manabi straight,44
muv-luv,44
soulcalibur,44
figure 17,44
dr. slump,44
metal gear solid,44
beyblade,44
princess maker,44
the jungle book,44
peter pan,44
ao no exorcist,44
mayo chiki,44
gundam age,44
bishoujo mangekyou,44
robotics notes,44
flying witch,44
maitetsu,44
tonari no kyuuketsuki-san,44
major,42
machine robo rescue,42
hand maid may,42
deathsmiles,42
nausicaa of the valley of the wind,42
final fantasy iv,42
tales of,42
aria,42
magical antique,42
dream hunter rem,42
samurai pizza cats,42
doukyuusei,42
shinazu no himegimi,42
tamayura,42
c cube,42
ore no nounai sentakushi ga gakuen love comedy wo zenryoku de jama shiteiru,42
madan no ou to vanadis,42
shoujo ramune,42
shomin sample,42
bokutachi wa benkyou ga dekinai,42
ueno-san wa bukiyou,42
chokotto sister,40
tobe isami,40
dynasty warriors,40
licca vignette,40
rilakkuma,40
akihabara dennou gumi,40
kangoku senkan,40
american dragon jake long,40
king of the hill,40
umi monogatari,40
futaba channel,40
kick-ass,40
irotoridori no sekai,40
shantae,40
the lion king,40
kotoura-san,40
various,40
osawari island,40
himouto umaru-chan,40
closers,40
yume no crayon oukoku,40
ange vierge,40
glitch techs,40
destiny child,40
goddess of victory nikke,40
slayers,38
dance in the vampire bund,38
saint seiya,38
minky momo,38
yu-gi-oh 5ds,38
katekyo hitman reborn,38
transformers,38
magical emi,38
demons souls,38
ixion saga dt,38
cat busters,38
shoujo shuumatsu ryokou,38
ryu ga gotoku,38
shadows house,38
jigokuraku,38
dodge danko,38
superman,38
eyeshield 21,36
doki doki majo shinpan,36
super black jack,36
animal yokochou,36
submarine 707r,36
battle programmer shirase,36
kyouran kazoku nikki,36
sekirei,36
ape escape,36
maji de watashi ni koi shinasai,36
hime-chans ribbon,36
mega man x,36
pretty rhythm,36
tangled,36
tales of zestiria,36
esurance,36
myriad colors phantom world,36
floral magician mary bell,36
zero kara hajimeru mahou no sho,36
darling in the franxx,36
uchi no maid ga uzasugiru,36
helltaker,36
bloodstained,36
majo no tabitabi,36
yuragisou no yuuna-san,36
delicious party precure,36
backbeard-sama ga miteru,34
asatte no houkou,34
yoake mae yori ruriiro na,34
s-cry-ed,34
eiken,34
full metal panic,34
.hacklegend of the twilight,34
xiaolin showdown,34
kaleido star,34
gundam seed,34
persona 3,34
avatar,34
the boondocks,34
lazytown,34
hoshizora no memoria,34
talespin,34
kiss x sis,34
the little mermaid,34
needless,34
nurarihyon no mago,34
monobeno,34
natsuiro kiseki,34
maoyuu maou yuusha,34
servant x service,34
barakamon,34
kuromukuro,34
amaama to inazuma,34
brave witches,34
mahou shoujo ikusei keikaku,34
isekai wa smartphone to tomo ni.,34
gunnerkrigg court,34
iris mysteria,34
fortnite,34
soulworker,34
houkago teibou nisshi,34
dohna dohna issho ni warui koto o shiyou,34
detroit become human,34
burst angel,32
final fantasy unlimited,32
omoikkiri kagaku adventure sou nanda,32
kodomo no omocha,32
rizelmine,32
hell teacher nube,32
lucu lucu,32
11eyes,32
mahou senshi sweet knights,32
looney tunes,32
my neighbor totoro,32
tales of graces,32
kaidan restaurant,32
cream lemon,32
donkey kong,32
total drama island,32
mawaru penguindrum,32
ben-to,32
kaku-san-sei million arthur,32
euphoria,32
jojos bizarre adventure,32
defense of the ancients,32
koufuku graffiti,32
senren banka,32
dungeons and dragons,32
frame arms girl,32
sakura quest,32
busou shoujo machiavellianism,32
yu-gi-oh vrains,32
martine,32
paranorman,32
arifureta shokugyou de sekai saikyou,32
grand blue,32
kid cosmic,32
ai yori aoshi,30
laputa castle in the sky,30
ouran high school host club,30
dirty pair,30
the last blade,30
cyberbots,30
mirmo de pon,30
hellsing,30
crayon shin-chan,30
robin hood,30
sengoku otome,30
kanojo x kanojo x kanojo,30
ruby gloom,30
oboro muramasa,30
the sacred blacksmith,30
monster park,30
god eater,30
phi brain puzzle of god,30
unlight,30
kokoro connect,30
mahouka koukou no rettousei,30
inou-battle wa nichijou-kei no naka de,30
shinmai maou no testament,30
hai to gensou no grimgar,30
princess principal,30
satsuriku no tenshi,30
ssss.gridman,30
twelve forever,30
yuusha to maou,30
alien 9,28
saint tail,28
ikusa otome valkyrie,28
all grown up,28
jungle wa itsumo hare nochi guu,28
pita ten,28
fortune arterial,28
dinosaur king,28
the life and times of juniper lee,28
final fantasy vi,28
urusei yatsura,28
mayoi neko overrun,28
family guy,28
tekken,28
princess tutu,28
seitokai yakuindomo,28
shinsekai yori,28
ore no kanojo to osananajimi ga shuraba sugiru,28
bernd and the mystery of unteralterbach,28
jinsei,28
fate extra,28
sora no method,28
robot girls z,28
shimoneta to iu gainen ga sonzai shinai taikutsu na sekai,28
mr. peabody and sherman,28
voltron,28
maoujou de oyasumi,28
pop team epic,28
oide yo mizuryuu kei land,28
ishuzoku reviewers,28
puniru wa kawaii slime,28
lycoris recoil,28
tensei shitara ken deshita,28
hirogaru sky precure,28
the amazing digital circus,28
wild arms,26
historys strongest disciple kenichi,26
majin tantei nougami neuro,26
fatal frame,26
fancy lala,26
midori no hibi,26
hizashi no naka no real,26
star ocean 2,26
phantasy star online,26
chrome shelled regios,26
aiyoku no eustia,26
saya no uta,26
ducktales,26
justice league,26
happy tree friends,26
jinrui wa suitai shimashita,26
the severing crime edge,26
sabagebu,26
tanken driland,26
denkigai no honya-san,26
condorito,26
aquarion logos,26
koutetsujou no kabaneri,26
life is strange,26
nano core,26
mob psycho 100,26
legend quest,26
doki doki literature club,26
i hate fairyland,26
mahjong soul,26
yu-gi-oh sevens,26
takopii no genzai,26
onirism,26
palworld,26
kimi ga nozomu eien,24
choukou tenshi escalayer,24
shuffle,24
sky girls,24
mamotte shugogetten,24
emma a victorian romance,24
daa daa daa,24
tower of druaga,24
victory gundam,24
sentimental graffiti,24
princess lover,24
mahou shoujo ai,24
the replacements,24
earthbound,24
sora wo kakeru shoujo,24
twinbee,24
fist of the north star,24
takamare takamaru,24
bayonetta,24
letter bee,24
rewrite,24
minecraft,24
medaka box,24
tokyo ravens,24
oshiro project,24
we bare bears,24
suguri,24
kimi no na wa.,24
full bokko heroes,24
digimon universe appli monsters,24
va-11 hall-a,24
hinamatsuri,24
merc storia,24
popotan,22
gear fighter dendoh,22
nagasarete airantou,22
tsuki wa higashi ni hi wa nishi ni,22
otome wa boku ni koishiteru,22
winx club,22
jinki,22
soleil,22
megaman zero,22
toushin toshi,22
kyou no go no ni,22
petite princess yucie,22
vampiyan kids,22
the vision of escaflowne,22
metroid,22
invader zim,22
johnny bravo,22
noein,22
el tigre the adventures of manny rivera,22
creamy mami,22
alps no shoujo heidi,22
aku no onna kanbu,22
bunny black,22
c the money of soul and possibility control,22
dragon quest ii,22
houkago no pleiades,22
kid icarus,22
kono naka ni hitori imouto ga iru,22
aiura,22
gatchaman crowds,22
hinabita,22
bladedance of elementalers,22
beatstream,22
fate apocrypha,22
kouyoku senki exs-tia,22
future card buddyfight,22
houseki no kuni,22
evenicle,22
silent hill,22
twokinds,22
fire emblem three houses,22
itai no wa iya nano de bougyoryoku ni kyokufuri shitai to omoimasu.,22
senjou no fuga,22
tower of god,22
jijou wo shiranai tenkousei ga guigui kuru.,22
tearmoon teikoku monogatari,22
busou renkin,20
tokyo red hood,20
harvest moon,20
with you,20
chibi vampire,20
.hack,20
chrono trigger,20
zoids,20
tales of phantasia,20
ma ga ochiru yoru,20
uninhabited planet survive,20
the weekenders,20
tales of eternia,20
gakuen heaven,20
sangokushi taisen,20
corpse party,20
mama is a 4th grader,20
rune factory 3,20
monster allergy,20
your diary,20
gdgd fairies,20
shezow,20
mahou no juujin foxy rena,20
love lab,20
zettai bouei leviathan,20
galilei donna,20
golan the insatiable,20
strike the blood,20
charlotte,20
youkoso sukebe elf no mori e,20
re creators,20
reco love,20
hinako note,20
erma,20
toji no miko,20
kakegurui,20
equestria girls,20
megido 72,20
watashi nouryoku wa heikinchi de tte itta yo ne,20
ochikobore fruit tart,20
haileys on it,20
flcl,18
suikoden v,18
final fantasy iii,18
ground defense force mao-chan,18
turn a gundam,18
sumomomo momomo,18
yoshinaga-san chi no gargoyle,18
futakoi,18
abenobashi mahou shoutengai,18
star ocean 3,18
keio flying squadron,18
pastel chime,18
mokke,18
shrine of the morning mist,18
bomberman jetters,18
final fantasy v,18
grandia,18
fantasy earth zero,18
happiness,18
braceface,18
sengoku basara,18
bobobo-bo bo-bobo,18
jikkyou powerful pro yakyuu,18
esper mami,18
blue submarine no. 6,18
hyakko,18
maria holic,18
ponyo,18
atelier rorona,18
nurse angel ririka sos,18
zettai muteki raijin-oh,18
ladies versus butlers,18
ice climber,18
albatross koukairoku,18
oniichan no koto nanka zenzen suki janain dakara ne,18
mm,18
daiteikoku,18
sisters natsu no saigo no hi,18
softenni,18
atelier meruru,18
itsuka tenma no kuro usagi,18
strawberry shortcake,18
walkure romanze,18
jarinko chie,18
gakkatsu,18
agent aika,18
ghostbusters,18
hataraku maou-sama,18
kami-sama no inai nichiyoubi,18
kyoukai no kanata,18
mangaka-san to assistant-san to,18
tokyo ghoul,18
absolute duo,18
kingdom,18
maritsu loli succubus youmaen,18
stella no mahou,18
leon the professional,18
hacka doll,18
azure striker gunvolt,18
etotama,18
goddess kiss,18
dungeon meshi,18
its pony,18
princess tears,18
endro,18
the flintstones,18
dr. stone,18
world flipper,18
murenase seton gakuen,18
kipo and the age of wonderbeasts,18
sakuna of rice and ruin,18
mobile suit gundam the witch from mercury,18
narue no sekai,16
rival schools,16
threads of fate,16
dragon quest viii,16
rurouni kenshin,16
tales of destiny 2,16
full moon o sagashite,16
variable geo,16
maburaho,16
battle athletes,16
final fantasy tactics,16
ghost sweeper mikami,16
tayutama,16
endless frontier,16
kurukuru rinne,16
gakuen alice,16
canvas,16
akatsuki no goei,16
futari wa precure splash star,16
is,16
the wild thornberrys,16
a little snow fairy sugar,16
vandread,16
jimmy two-shoes,16
tenshi no shippo,16
nyan koi,16
element hunters,16
katawa shoujo,16
yggdra union,16
monster buster club,16
hanamaru youchien,16
aki sora,16
sora no woto,16
bioshock,16
dragon quest ix,16
soredemo machi wa mawatteiru,16
super real mahjong,16
youre under arrest,16
axis powers hetalia,16
kamisama dolls,16
manyuu hikenchou,16
monster high,16
rinne no lagrange,16
pandora hearts,16
the little match girl,16
sankarea,16
inazuma eleven go,16
robopon,16
sengoku bushouki muramasa,16
the berenstain bears,16
junketsu no maria,16
kagerou project,16
jurassic park,16
sofia the first,16
tenchu,16
hansel and gretel,16
kiznaiver,16
space patrol luluco,16
netoge no yome wa onnanoko ja nai to omotta,16
battle girl high school,16
sanoba witch,16
sing,16
3-gatsu no lion,16
shining force neo,16
fire emblem heroes,16
monster strike,16
the buzz on maggie,16
osomatsu-san,16
riddle joker,16
golden kamuy,16
yomawari,16
the evil within,16
bloodborne,16
deltarune,16
shinchou yuusha kono yuusha ga ore tueee kuse ni shinchou sugiru,16
kemurikusa,16
the dragon prince,16
kangokutou mary skelter,16
kyokou suiri,16
talesweaver,16
slow loop,16
invincible,16
summertime render,16
tongari boushi no atelier,16
diebuster,14
lovers koi ni ochitara...,14
betterman,14
the eternity sword,14
sakura musubi,14
tsukikagerou,14
nee chanto shiyou yo,14
elfen lied,14
triangle heart,14
anne of green gables,14
kokoro library,14
castlevania,14
gunsmith cats,14
parasite eve,14
mobile suit gundam,14
one kagayaku kisetsu e,14
kochikame,14
kanamemo,14
cosmic break,14
ergo proxy,14
muteki kanban musume,14
hourou musuko,14
star driver,14
popn music,14
ga geijutsuka art design class,14
cafe sourire,14
clover point,14
tiger and bunny,14
dororon enma-kun,14
d-frag,14
ganbare goemon,14
chinpui,14
teenage mutant ninja turtles,14
hello kitty,14
uq holder,14
chronicles of the going home club,14
gaist crusher,14
one week friends,14
ansatsu kyoushitsu,14
wander over yonder,14
mahou shoujo nante mouiidesukara.,14
keijo,14
bikini warriors,14
flip flappers,14
nobunaga no shinobi,14
rokudenashi majutsu koushi to akashic records,14
oliver and company,14
aho-girl,14
fairy fencer f,14
kouchuu ouja mushiking,14
goldieblox,14
aggretsuko,14
summer camp island,14
chowder,14
dennou tenshi djibril,14
atsumare fushigi kenkyuubu,14
how the grinch stole christmas,14
bna brand new animal,14
soredemo ayumu wa yosetekuru,14
infinity train,14
demon turf,14
duncanville,14
dark gathering,14
xxxholic,12
air gear,12
kujibiki unbalance,12
gundam wing,12
lodoss-tou senki,12
galactic drifter vifam,12
tenshi ni narumon,12
zeta gundam,12
mx0,12
ghost in the shell,12
ore no natsuyasumi,12
fantastic four,12
cinderella,12
simoun,12
x change,12
last exile,12
serial experiments lain,12
kouryuu densetsu villgust,12
daiakuji,12
majokko a la mode,12
gundam unicorn,12
kemeko deluxe,12
shukufuku no campanella,12
all dogs go to heaven,12
pia carrot e youkoso 3,12
night shift nurses,12
kowaku no toki,12
w.l.o. sekai renai kikou,12
akaneiro ni somaru saka,12
princess resurrection,12
challenge first-year-student,12
pia carrot e youkoso 2,12
viper,12
kishin douji zenki,12
yu-gi-oh gx,12
digimon savers,12
samurai warriors,12
hyper anna,12
natsu no kumo,12
soltyrei,12
phantasy star,12
kusarihime,12
phantasy star portable 2,12
seitokai no ichizon,12
scott pilgrim,12
black jack,12
kick buttowski suburban daredevil,12
discipline,12
hoshizora e kakaru hashi,12
criminal girls,12
kamidori alchemy meister,12
birdy the mighty,12
nijiura maids,12
hime chen otogi chikku idol lilpri,12
neko musume michikusa nikki,12
usagi drop,12
ginga e kickoff,12
dracu-riot,12
astro boy,12
maple town monogatari,12
miracle girls,12
mushibugyo,12
stella jogakuin c3-bu,12
dragons dogma,12
mahou no yousei persia,12
brave frontier,12
sakura trick,12
big hero 6,12
yurikuma arashi,12
fukai ni nemuru oujo no abaddon,12
barney and friends,12
high score girl,12
jewelpet magical change,12
anne happy,12
macross delta,12
bakuon,12
kokoro ga sakebitagatterunda.,12
girlish number,12
demi-chan wa kataritai,12
long riders,12
little nightmares,12
seven mortal sins,12
mahoutsukai no yome,12
primal x hearts,12
sugarbunnies,12
snow white and the seven dwarfs,12
oneshot,12
seishun buta yarou wa bunny girl senpai no yume o minai,12
shiin,12
warframe,12
healin good precure,12
uzaki-chan wa asobitai,12
magicami,12
pragmata,12
slime taoshite 300-nen shiranai uchi ni level max ni nattemashita,12
little nuns,12
akebi-chan no sailor fuku,12
inside job,12
guardians of the galaxy,12
bioshock infinite,12
the road to el dorado,12
futoku no guild,12
jelly jamm,12
bokusatsu tenshi dokuro-chan,10
hatsukoi limited,10
final fantasy xii,10
p2 lets play pingpong,10
robokko beaton,10
star ocean,10
yotsunoha,10
magical kanan,10
chocolate melancholy,10
phantom brave,10
shinseiki inma seiden,10
kare kano,10
princess mononoke,10
banner of the stars,10
magic woman m,10
adventures of the gummi bears,10
mahou shoujo tai arusu,10
beetlejuice,10
dave the barbarian,10
recess,10
breath of fire,10
aishiteruze baby,10
zaregoto,10
breath of fire ii,10
x-blades,10
sabrina the teenage witch,10
riviera the promised land,10
kamen rider,10
eternal melody,10
death note,10
elemental gelade,10
chrono crusade,10
gensou suikoden,10
fushigi tsuushin toilet no hanako-san,10
chip n dale rescue rangers,10
net ghost pipopa,10
final fantasy gaiden,10
ichiban ushiro no daimaou,10
gorillaz,10
darkwing duck,10
yumeiro patissiere,10
body bags,10
despicable me,10
twinkle star sprites,10
dero dero,10
kaiten mutenmaru,10
koikishi purely kiss,10
brave story,10
omamori himari,10
danshi koukousei no nichijou,10
sword girls,10
class of heroes,10
lollipop chainsaw,10
the land before time,10
duel masters,10
super sentai,10
nogizaka haruka no himitsu,10
sakurasou no pet na kanojo,10
gravity rush,10
ng knight lamune and 40,10
wizard of oz,10
toy story,10
team fortress,10
klonoa,10
cinderella blade,10
saints row,10
grojband,10
momo kyun sword,10
american dad,10
rokujouma no shinryakusha,10
trinity seven,10
joukamachi no dandelion,10
wakaba girl,10
hyakugojuunenme no mahoutsukai,10
sansha sanyou,10
sousei no onmyouji,10
brave beats,10
shuumatsu no izetta,10
urara meirochou,10
anitore,10
shakunetsu no takkyuu musume,10
samurai jack,10
ouchi ni kaeru made ga mashimaro desu,10
tejina senpai,10
dishonored,10
dragon poker,10
atelier series,10
comic girls,10
harukana receive,10
uncharted,10
commander keen,10
drakengard,10
victor and valentino,10
harvey girls forever,10
craig of the creek,10
otome game no hametsu flag shika nai akuyaku reijou ni tensei shiteshimatta...,10
dragon ball heroes,10
young justice,10
jitsu wa ore saikyou deshita,10
m3gan,10
the legend of luo xiaohei,10
mahou shoujo ni akogarete,10
blaster master zero 2,10
vampire master dark crimson,8
prince of tennis,8
coyote ragtime show,8
makai kingdom,8
seirei no moribito,8
prism ark,8
shining force exa,8
blood plus,8
fatal fury,8
da capo ii,8
ufo princess valkyrie,8
family project,8
nanami to konomi no oshiete a-b-c,8
maple colors,8
starship girl yamamoto yohko,8
seiken densetsu,8
as told by ginger,8
breath of fire iii,8
binzume yousei,8
howls moving castle,8
corrector yui,8
geneshaft,8
steel angel kurumi,8
little monica monogatari,8
fifth twin,8
wonder project j2,8
crash b-daman,8
blue dragon,8
twinkle crusaders,8
sasami magical girls club,8
kashimashi,8
final fantasy fables chocobos dungeon,8
wrestle angels,8
mousou kagaku series wandaba style,8
angel blade,8
white album,8
pia carrot e youkoso,8
yat space travel agency,8
gate keepers,8
tokyo underground,8
waku waku 7,8
strawberry panic,8
daibanchou -big bang age-,8
zetsubou,8
yuukyuu gensoukyoku,8
wayside,8
tako no marine,8
senko no ronde,8
fault,8
kagura douchuuki,8
muv-luv alternative total eclipse,8
panel de pon,8
tsubasa reservoir chronicle,8
casual romance club,8
miyuki,8
ninja hattori-kun,8
ane doki,8
star ocean 4,8
star fox,8
izuna legend of the unemployed ninja,8
nanaka 6-17,8
vampire princess miyu,8
okami,8
who framed roger rabbit,8
the proud family,8
suzunone seven,8
luminous arc,8
vanguard princess,8
monster rancher,8
pucca,8
resort boin,8
occult academy,8
otomedius,8
twelve kingdoms,8
clover hearts,8
sound horizon,8
isekai no seikishi monogatari,8
the secret of kells,8
el shaddai,8
virtual on,8
oumagadoki zoo,8
battle royale,8
d.n.angel,8
valkyria chronicles 3,8
genji tsuushin agedama,8
lovely x cation,8
hi hi puffy amiyumi,8
yume nikki,8
mortal kombat,8
wordgirl,8
witch craft works,8
hajimete no oishasan,8
suisei tenshi prima veil zwei,8
sengoku gakuen senki nobunaga,8
freezing,8
yu yu hakusho,8
suika,8
seal online,8
guild wars,8
nu pogodi,8
guilty crown,8
warriors orochi,8
hihouden,8
wild arms 3,8
koe de oshigoto,8
space battleship yamato 2199,8
hapymaher,8
persona 2,8
goldfish warning,8
sasami-san ganbaranai,8
valvrave the liberator,8
bravely default,8
jewelpet happiness,8
space dandy,8
lord of vermilion,8
no-rin,8
dokkiri doctor,8
kumo no ito,8
101 dalmatians,8
aldnoah.zero,8
expelled from paradise,8
gundam g no reconguista,8
rayman,8
siren,8
super sonico,8
jayce and the wheeled warriors,8
freedom planet,8
onigokko,8
dragon tales,8
kara no kyoukai,8
sesame street,8
gakusen toshi asterisk,8
blues clues,8
sherlock hound,8
shigatsu wa kimi no uso,8
wagaya no oinari-sama,8
little twins sugu ni toriko ni shite ageru,8
sore ga seiyuu,8
godzilla,8
okusama ga seito kaichou,8
occultic nine,8
in white,8
masamune-kun no revenge,8
manga science,8
saijaku muhai no bahamut,8
cocoro restarter,8
haruru minamo ni,8
higanbana no saku yoru ni,8
the great mouse detective,8
tanaka-kun wa itsumo kedaruge,8
gekkan shoujo nozaki-kun,8
youkoso jitsuryoku shijou shugi no kyoushitsu e,8
yuusha no kuse ni namaiki da,8
utau,8
kin-iro loveriche,8
the summoning,8
slow start,8
tomica hyper rescue drive head,8
onii-chan asa made zutto gyutte shite yoru made motto ecchi shite,8
pop in q,8
shinkansen henkei robo shinkalion,8
sarah and duck,8
yu-no,8
sunohara-sou no kanrinin-san,8
terminator,8
seirei gensouki,8
kagura reimeiki,8
langrisser,8
brave nine,8
lover,8
tenki no ko,8
swat kats,8
atelier ryza,8
kamisama ni natta hi,8
shima shima tora no shimajirou,8
sentouin hakenshimasu,8
halo,8
digimon ghost game,8
f is for family,8
mieruko-chan,8
chainsaw man,8
waccha primagi,8
boku no kokoro no yabai yatsu,8
poppy playtime,8
yuusha party o tsuihou sareta beast tamer saikyoushu no nekomimi shoujo to deau,8
wheres waldo,8
barbie,8
zuori qing kong,8
jl8,8
mar,6
tsuyokiss,6
after...,6
requiem,6
samurai usagi,6
gundam seed destiny,6
future gpx cyber formula,6
radiata stories,6
magical arms angel nana,6
shikigami no shiro,6
amaizo dango,6
night wizard,6
saikano,6
gau gau wata,6
matou kitan zankan,6
jewel knights crusaders,6
barcode fighter,6
shoujo mahou gaku little witch romanesque,6
fifth aile,6
seven of seven,6
konboku mahjong,6
shinkon gattai godannar,6
mahou tsukai tai,6
bloody roar,6
g-on riders,6
gantz,6
kodomo milk parfait,6
vgcats,6
el cazador de la bruja,6
kojin taxi,6
anejiru,6
shikabane hime,6
b-daman,6
rocket power,6
spider riders,6
dennou boukenki webdiver,6
kokuran,6
shin megami tensei devil children,6
pepper ann,6
tutenstein,6
popolocrois,6
little witch parfait,6
edens bowy,6
ayakashibito,6
uchuu kazoku carlvinson,6
high school kimengumi,6
gravion,6
cyborg kuro-chan,6
neo ranga,6
pure mail,6
deltora quest,6
alice no yakata,6
becassine,6
lupin iii,6
final fantasy x,6
gokujou seitokai,6
anpanman,6
rahxephon,6
heroic age,6
kokoro navi,6
excel saga,6
tales of rebirth,6
wingman,6
the girl who leapt through time,6
6teen,6
tales of hearts,6
tales of innocence,6
final fantasy tactics advance,6
macross,6
the swiss family robinson flone of the mysterious island,6
shigofumi,6
the mysterious cities of gold,6
coropata,6
totally spies,6
galzoo island,6
akumu,6
futari ecchi,6
nintama rantarou,6
watashi no ouchi wa honya-san,6
strange journey,6
magical halloween,6
dragon crisis,6
hajimete no aku,6
the smurfs,6
onidere,6
otome renshin prister,6
moshidora,6
brandy and mr. whiskers,6
pigeon blood,6
professor layton,6
josou sanmyaku,6
american mcgees alice,6
bakegyamon,6
zor and the invincibles,6
master of epic,6
spiral,6
wonder momo,6
thief and troll,6
the amazing 3,6
romancing saga,6
butsu zone,6
touch,6
kagaku na yatsura,6
chrono cross,6
atelier ayesha,6
rhythm heaven,6
koi iro marriage,6
saimin yuugi,6
dead rising,6
kaiketsu zorori,6
jewelpet,6
daitoshokan no hitsujikai,6
fire emblem path of radiance,6
t.u.f.f. puppy,6
dakara boku wa h ga dekinai,6
the secret of nimh,6
devil survivor 2,6
kyuuketsu senki vjedogonia,6
patlabor,6
blood lad,6
inda no himekishi janne,6
fantasista doll,6
mighty no. 9,6
day break illusion,6
machine-doll wa kizutsukanai,6
coppelion,6
aliens,6
full metal daemon muramasa,6
yuusha ni narenakatta ore wa shibushibu shuushoku wo ketsui shimashita.,6
wanko to kurasou,6
clover days,6
seikoku no dragonar,6
astralair no shiroki towa,6
glasslip,6
cyphers online,6
cross ange,6
dunno on the moon,6
fables,6
deception,6
ninja slayer,6
hero bank,6
atelier shallie,6
mighty max,6
ole tower,6
tenshin ranman,6
kissyfur,6
max and ruby,6
haruchika,6
sister quest,6
pan de peace,6
umihara kawase,6
mayoiga,6
stella glow,6
kuromajo-san ga tooru,6
masou gakuen hxh,6
diabolik lovers,6
idol tenshi youkoso yoko,6
were back a dinosaurs story,6
rakudai kishi no cavalry,6
gothic wa mahou otome,6
hakumei to mikochi,6
schoolgirl strikers,6
ring dream,6
akibas trip,6
ashitaba-san chi no mukogurashi,6
uwasa no himeko,6
far cry,6
cuphead,6
fire emblem rekka no ken,6
zoids field of rebellion,6
pripri chi-chan,6
fate_grand_order,6
netojuu no susume,6
the five star stories,6
jutaijima,6
brave police j-decker,6
sinoalice,6
pokonyan,6
scp foundation,6
ore ga suki nano wa imouto dakedo imouto ja nai,6
paladins,6
natsu no ame,6
les sisters,6
hitori bocchi no marumaru seikatsu,6
kings raid,6
ciel nosurge,6
armor blitz,6
maou-sama retry,6
urotsukidoji,6
she-ra and the princesses of power,6
rune factory 4,6
shadow of the colossus,6
kakushigoto,6
ensemble stars,6
eizouken ni wa te wo dasu na,6
close enough,6
magika no kenshi to basileus,6
daria,6
assault lily,6
maou gakuin no futekigousha,6
avengers,6
touch detective,6
luca,6
hazbin hotel,6
squid game,6
kemono jihen,6
it,6
xenoblade,6
black survival,6
oshi no ko,6
kaminaki sekai no kamisama katsudou,6
sylvanian families,6
spy kyoushitsu,6
project sekai,6
super robot monkey team hyper force go,6
brave sword x blaze soul,6
tunche,6
hulu xiongdi,6
the coffin of andy and leyley,6
baldurs gate,6
shrek,6
wonderful precure,6
wuthering waves,6
rising impact,4
g senjou no maou,4
saint october,4
fire emblem fuuin no tsurugi,4
claymore,4
phantasy star universe,4
uchuu kaizoku sara,4
kekkaishi,4
they are my noble masters,4
macademi wasshoi,4
banana is a snack,4
yougen no chi,4
raimuiro senkitan,4
princess witches,4
dark chronicle,4
pumpkin scissors,4
triggerheart exelica,4
tear ring saga,4
osana najimi wa bed yakuza,4
mars daybreak,4
otome crisis,4
tori koro,4
hatsukoi,4
pleasure circuit,4
el hazard,4
saga frontier,4
kawarazaki-ke no ichizoku,4
tenerezza,4
tekoire princess,4
routes,4
hanaukyo maid tai,4
monsters inc.,4
mamoru-kun ni megami no shukufuku wo,4
astro fighter sunred,4
telepathy shoujo ran,4
tenshi no inai 12-gatsu,4
oretachi ni tsubasa wa nai,4
aoi shiro,4
princess holiday,4
puppet princess of marl kingdom,4
tenchoo no watanabe-san,4
dragon knight,4
johnny test,4
izumo,4
gall force,4
the onechanbara,4
shouyon kodomo challenge,4
winnie the pooh,4
dragon quest i,4
star gladiator,4
wild arms 2,4
fushigi yuugi,4
viper gts,4
sengoku hime,4
yadamon,4
geobreeders,4
hatsuden pandakun,4
valkyrie profile,4
brigadoon,4
soul cradle,4
juujika,4
sacred blaze,4
static shock,4
idol project,4
fight ippatsu juuden-chan,4
tokyo magnitude 8.0,4
tenchi muyo gxp,4
mashiro iro symphony,4
tropical kiss,4
gundam x,4
sora no manimani,4
touki denshou angel eyes,4
true love story,4
devil may cry,4
final romance,4
rosenkreuzstilette,4
aoi hana,4
miracle train,4
la pucelle,4
drawn together,4
jubei-chan,4
ookiku furikabutte,4
uchuu no swan,4
mushishi,4
ko-ko-ro,4
dragon quest retsuden roto no monshou,4
mimi wo sumaseba,4
zegapain,4
bokurano,4
blood alone,4
parappa the rapper,4
taishou yakyuu musume,4
ultimate girls,4
kaichou wa maid-sama,4
basquash,4
tales of destiny,4
growlanser,4
he-man and the masters of the universe,4
domina no do,4
susie-chan to marvy,4
fancia,4
mike lu and og,4
tales of the world,4
durarara,4
uchuu show e youkoso,4
another code,4
futurama,4
subarashiki hibi,4
the adventures of tintin,4
houkago play,4
omishi magical theater risky safety,4
psyren,4
the magic school bus,4
sexfriend,4
mana khemia,4
bikkuriman,4
the secret world of arrietty,4
recettear,4
chokotto hime,4
katanagatari,4
warzard,4
ar tonelico qoga,4
ghost hound,4
super dog rilienthal,4
this ugly yet beautiful world,4
samurai champloo,4
yatterman,4
battle arena toshinden,4
fortune quest,4
chu-bra,4
kiddy girl-and,4
demonophobia,4
lovedol lovely idol,4
valkyria chronicles,4
bad dog,4
tamagotchi,4
asu no yoichi,4
rapelay,4
devil hunter yohko,4
rune soldier,4
anmitsu hime,4
beelzebub,4
mirai daughter musuemon,4
ulysses 31,4
princess evangile,4
basilisk,4
hanbun no tsuki ga noboru sora,4
pippi longstocking,4
heroman,4
otaku no musume-san,4
sugar sugar rune,4
toriko,4
kimagure orange road,4
missing parts the tantei stories,4
kindaichi shounen no jikenbo,4
yarukkya knight,4
nanatsu no fushigi no owaru toki,4
nora to toki no koubou kiri no mori no majo,4
gengetsu no pandora,4
being ian,4
cerberus,4
persona,4
cage of eden,4
3-nen b-gumi kinpachi sensei densetsu no kyoudan ni tate,4
shishunki na adam,4
megas xlr,4
magic the gathering,4
dragon pink,4
chaos head,4
dragon quest monsters,4
magical suite prism nana,4
world masterpiece theater,4
the black cauldron,4
dears,4
brave,4
tonari no kaibutsu-kun,4
mahou tsukai no yoru,4
sora no iro mizu no iro,4
questionable content,4
quiz nanairo dreams,4
hakaima sadamitsu,4
plus tic elder sister,4
sazae-san,4
mazinger z,4
spongebob squarepants,4
nazo no kanojo x,4
harukoi otome,4
bra-ban,4
angie girl,4
hoshi no samidare,4
kamakura monogatari,4
bee and puppycat,4
rumble fish,4
marmalade boy,4
blade and soul,4
space battleship yamato,4
ookami kodomo no ame to yuki,4
gyousatsu shinsengumi,4
mother up,4
awesomenauts,4
megaman zx,4
captain earth,4
brynhildr in the darkness,4
mizuiro jidai,4
kanojo ga flag o oraretara,4
ryuugajou nanana no maizoukin,4
janryuumon,4
bible black,4
garfield,4
chain chronicle,4
campione,4
gugure kokkuri-san,4
unico,4
agarest senki,4
ougon yuusha goldran,4
ai mai mi,4
doug,4
once upon a forest,4
midori no umi,4
ano natsu no fukakutei na kanojo,4
pound puppies,4
dragon quest heroes,4
heavy object,4
breeding season,4
kate and mim-mim,4
pole position,4
the get along gang,4
tonari no seki-kun,4
chiisana kyojin microman,4
haikyuu,4
teppu,4
the binding of isaac,4
galaxy high,4
panzer waltz,4
taimadou gakuen 35 shiken shoutai,4
the rescuers,4
neko wappa,4
hundred,4
big order,4
schumacher,4
kaitou joker,4
seconds,4
the neverending story,4
caillou,4
golden sun,4
z slash x,4
arms,4
bakutou sengen daigunder,4
hiyoko no kimochi,4
kamiwaza wanda,4
omaera zenin mendokusai,4
rampo kitan game of laplace,4
corruption of champions,4
upotte,4
touhou_project,4
captain tsubasa,4
girls bravo,4
evolution,4
ys,4
mia and me,4
gundam exa,4
childs play,4
lost in space,4
guitarfreaks and drummania,4
captain rainbow,4
boku no kanojo ga majimesugiru shobitch na ken,4
sousei tenshi cross emotion,4
tonde buurin,4
panda kopanda,4
frosty the snowman,4
the littles,4
death march kara hajimaru isekai kyousoukyoku,4
owari no chronicle,4
boku no dorei shoukan,4
viprpg,4
fumikiri jikan,4
fire emblem gaiden,4
yowamushi pedal,4
getsuyoubi no tawawa,4
slice of venture,4
towergirls,4
super_mario_brothers,4
kuroai,4
cats dont dance,4
spyro the dragon,4
arc the lad,4
the bots master,4
little noah,4
yakusoku no neverland,4
yooka-laylee,4
dungeon defense,4
day of the tentacle,4
uchi no ko no tame naraba ore wa moshikashitara maou mo taoseru kamo shirenai,4
kawaikereba hentai demo suki ni natte kuremasu ka,4
love cube,4
where on earth is carmen sandiego,4
dark water,4
balto,4
cafe stella to shinigami no chou,4
etsuraku hyakka alegria,4
momotarou densetsu,4
tsujou kougeki ga zentai kougeki de 2-kai kougeki no okaasan wa suki desu ka,4
hentatsu,4
happy sugar life,4
call of duty,4
rinkan biyaku chuudoku,4
kami-tachi ni hirowareta otoko,4
elinor wonders why,4
kanata no astra,4
m.u.g.e.n,4
camp camp,4
kumo no mori no marcus,4
arena of valor,4
wonder egg priority,4
taisou zamurai,4
bluey,4
tetsujin 28-gou,4
marvelous melmo,4
shuumatsu no valkyrie,4
emmy the robot,4
super cub,4
f.e.a.r.,4
tenshi no nichou kenjuu -angelos armas-,4
asteroid in love,4
the chronicles of narnia,4
epic seven,4
soul and sword,4
blue skin no mori,4
ongeki,4
null and peta,4
tenka hyakken,4
vinland saga,4
gaikotsu kishi-sama tadaima isekai e odekakechuu,4
vampirina,4
refrain no chika meikyuu to majo no ryodan,4
hanazuki full of treasures,4
power rangers,4
lady and the tramp,4
shinmai renkinjutsushi no tenpo keiei,4
aharen-san wa hakarenai,4
deaimon,4
home alone,4
fran bow,4
do it yourself,4
ash arms,4
flame of recca,4
tensei oujo to tensai reijou no mahou kakumei,4
rougo ni sonaete isekai de 8-man-mai no kinka o tamemasu,4
eonbound,4
astra superstars,4
vitamin,4
asari-chan,4
real drive,4
kiko-chan smile,4
lapis relights,4
kokuriko-zaka kara,4
meet the robinsons,4
the emperors new groove,4
bust a groove,4
heike monogatari,4
magic children doing things,4
gotham academy,4
kimi no koto ga daidaidaidaidaisuki na 100-nin no kanojo,4
saijaku tamer wa gomi hiroi no tabi o hajimemashita.,4
gu-gu ganmo,4
plastic little,2
yubisaki milktea,2
3x3 eyes,2
dalk gaiden,2
injuu genmu,2
kurai mirai,2
milky season,2
ef a tale of memories,2
cotton,2
bomberman,2
punimo yell,2
witch hunter robin,2
final approach,2
himekishi angelica,2
outlaw star,2
atashinchi,2
mizuiro,2
angel moxie,2
moero robocon,2
yamato takeru,2
bullet butlers,2
shadow hearts,2
sharin no kuni himawari no shoujo,2
quartett,2
bishoujo inpara,2
tokusou sentai dekaranger,2
gaiking,2
suzukuri dragon,2
unlimited saga,2
pixel maritan,2
hajimete no otetsudai,2
bambi,2
the melody of oblivion,2
alice sos,2
whistle,2
moyashimon,2
angelic serenade,2
kinnikuman,2
super robot wars w,2
kill bill,2
bobbys world,2
sekien no inganock,2
jane blonde,2
hateshinaku aoi kono sora no shita de...,2
yamagiwa sofuko,2
nanatsuiro drops,2
yoru ga kuru,2
metal saga,2
silent mobius,2
reboot,2
super dimensional legend rall,2
ai kora,2
arcade gamer fubuki,2
alone in the dark,2
shizuku,2
pretty face,2
super robot wars k,2
zone of the enders,2
ginga sengoku gun yuuden rai,2
cleopatra fortune,2
d4 princess,2
gunbuster,2
kakyuusei,2
infinite ryvius,2
wonder festival mascot,2
pastel chime continue,2
puipui,2
breath of fire iv,2
dual parallel trouble adventure,2
space pirate mito,2
game tengoku,2
furai no shiren gaiden onna kenshi asuka kenzan,2
zanjibaru,2
yoku wakaru gendai mahou,2
manyuuki,2
breath of fire v,2
the world ends with you,2
mouse,2
ask dr. rin,2
taisen hot gimmick,2
ultra maniac,2
archie,2
ga-rei,2
lost universe,2
matantei loki ragnarok,2
full ani,2
kannazuki no miko,2
metal slug,2
spaceship agga ruter,2
calvin and hobbes,2
kara no naka no kotori,2
hercules,2
otogi matsuri,2
fireball,2
utsukushiki sei no dendoushi rei rei,2
batman beyond,2
lord of lords ryu knight,2
kowashiya gamon,2
the cat returns,2
knights of ramune,2
little my maid,2
fire emblem seisen no keifu,2
chalkzone,2
shin angyo onshi,2
idol janshi suchie-pai,2
i my me strawberry eggs,2
crush gear,2
cleats,2
granado espada,2
magical meow meow taruto,2
platinum wind,2
plus anima,2
cutey honey,2
hellsinker.,2
marvelous mouhitotsu no takarajima,2
yukiiro no karte,2
quest for camelot,2
battle royal high school,2
tomica hero rescue fire,2
captain planet and the planeteers,2
maison ikkoku,2
rainbow brite,2
once upon a time... space,2
scarlett,2
toppara,2
atelier judie,2
shiei no sona-nyl,2
juuken sentai gekiranger,2
battle fantasia,2
monster maker,2
kagura gensoutan,2
love-yan,2
eden of the east,2
green green,2
fudanshism,2
chaos breaker,2
fractale,2
kisaragi gold star,2
kamen no maid guy,2
the super milk-chan show,2
jinzou konchuu kabutoborg vxv,2
tentacle and witches,2
shadow of rome,2
catherine,2
phantom of inferno,2
gundam 0080,2
gundam 0083,2
mobile suit gundam the 08th ms team,2
hades project zeorymer,2
youjuu club,2
valkyrie no bouken,2
modern family,2
legendz,2
mighty orbots,2
sleeping beauty,2
suske en wiske,2
harem ace,2
princess knight,2
jurassic tripper,2
shining sword romance,2
kowarekake no orgel,2
combo ninos,2
kaiji,2
yukikaze,2
space adventure cobra,2
summer wars,2
nyanda kamen,2
planetes,2
pac-man,2
uta kata,2
gundam f91,2
sengoku taisen,2
viper rsr,2
border break,2
battle chasers,2
zeroin,2
spiral knights,2
issho ni training,2
noir,2
d.p.s.,2
happy lesson,2
mnemosyne,2
titeuf,2
dragon hunters,2
skadi,2
potemayo,2
genki bakuhatsu ganbaruger,2
michiko to hatchin,2
eureka seven ao,2
asa made jugyou chu,2
magico,2
popful mail,2
rumble roses,2
neurotically yours,2
the sims,2
30-sai no hoken taiiku,2
final fantasy legend ii,2
beforu,2
r-15,2
jewelpet sunshine,2
double arts,2
brave fencer musashi,2
kurogane no linebarrels,2
real bout high school,2
tonagura,2
grossology,2
anna millers,2
tail tale,2
neopets,2
kobato.,2
shura no mon,2
kaizoku sentai gokaiger,2
hajime no ippo,2
sorcerous stabber orphen,2
shiki,2
iron man armored adventures,2
nursery rhyme,2
lagoon engine,2
red photon zillion,2
majokko tickle,2
shinkyoku soukai polyphonica,2
funhunt,2
tokumei sentai go-busters,2
.hacksign,2
kodoku no gourmet,2
thief and sword,2
ichigeki sacchu hoihoi-san,2
genmu senki leda,2
my dad the rock star,2
yubisaki milk tea,2
the mysteries of alfred hedgehog,2
deadman wonderland,2
mahou shoujo sae,2
majestic prince,2
grand chase,2
divergence eve,2
ii hito,2
panzer bandit,2
aquarion,2
kousoku card battle card hero,2
miracle mimika,2
the haunted hathaways,2
black butler,2
hakuouki,2
kaze no stigma,2
candy candy,2
everlasting summer,2
shenmue,2
gingitsune,2
akita land gothic,2
marie marin y lili,2
mayonaka no tantei nightwalker,2
da capo iii,2
ruin explorers,2
tsumamigui,2
toukiden,2
uchuu kaitou funny bee,2
franken fran,2
private garden,2
final fantasy crystal chronicles,2
wizardry,2
jormungand,2
deponia,2
blood-c,2
little nemo,2
ai shimai,2
boku no imouto wa osaka okan,2
hhg megami no shuuen,2
himitsu sentai metamor v,2
diablo,2
exaxxion,2
romeos blue skies,2
croket,2
atlach-nacha,2
outlanders,2
15 bishoujo hyouryuuki,2
kimama ni updown,2
penguin musume heart,2
wantame music channel,2
crusade heart karen,2
persona q,2
poor poor lips,2
gyakuten majo saiban,2
uncle grandpa,2
denshi yousei abatamo ekubo,2
floating runner,2
barboskiny,2
gardnerverse,2
runaways,2
cubix,2
kami no rhapsody,2
mahou shoujo taisen,2
chibi maruko-chan,2
inari konkon koi iroha,2
spookys jump scare mansion,2
hi scoool seha girl,2
majo to hyakkihei,2
irisu syndrome,2
ushio to tora,2
komori-san wa kotowarenai,2
shining resonance,2
cookie clicker,2
kuttsukiboshi,2
valkyria chronicles 2,2
indivisible,2
charlie and the chocolate factory,2
the three little pigs,2
nejimaki kagyuu,2
discommunication,2
dragon quest dai no daibouken,2
madeline,2
the jetsons,2
little lulu,2
iczer,2
bolt,2
the law of ueki,2
clifford the big red dog,2
air master,2
koi kaze,2
bunnicula,2
wild kratts,2
king of races,2
maou no kodomotachi,2
yuusha exkaiser,2
the little prince,2
punky brewster,2
koukaku no pandora,2
gunbird,2
tsuki ni yorisou otome no sahou,2
kagihime monogatari eikyuu alice rondo,2
kyonyuu fantasy,2
maze,2
go go itsutsugo land,2
teisou gyakuten sekai,2
dimension w,2
lolirock,2
the venture bros.,2
haibane renmei,2
shoujo no toge,2
chim chim cherry,2
soushin shoujo matoi,2
pastel yumi,2
magic tree house,2
takuan to batsu no nichijou enmachou,2
clue club,2
the littl bits,2
lady lovely locks and the pixietails,2
hatsuyuki sakura,2
lolita syndrome,2
open season,2
rail wars,2
hoshikoi twinkle,2
tales of berseria,2
watashi ga motete dousunda,2
mucha lucha,2
fire punch,2
clash of clans,2
demento,2
code_geass,2
gochuumon_wa_usagi_desu_ka,2
alternative girls,2
amairo islenauts,2
kekkai sensen,2
ochitekita ryuuou to horobiyuku majo no kuni,2
dies irae,2
battle spirits double drive,2
hanayamata,2
yurumates,2
pussy saga,2
mankitsu happening,2
grimoire shiritsu grimoire mahou gakuen,2
true tears,2
kurumi miracle,2
katamari,2
sword world 2.0,2
broken blade,2
heybot,2
raramagi honyarara magic,2
gun x sword,2
alice to zouroku,2
seisen cerberus,2
taiyou no kiba dougram,2
psycho-pass,2
atelier elie,2
classroom crisis,2
omakase peace denkiten,2
action heroine cheer fruits,2
a centaurs life,2
radiant historia,2
fire emblem radiant dawn,2
sekai no kijin henjin ijin shoukai,2
plastic memories,2
yuba no shirushi,2
idol connect,2
petopeto-san,2
spelunker,2
mulan,2
atelier escha and logy,2
isekai shokudou,2
venus eleven vivid,2
kakuchou shoujo-kei trinary,2
culdcept,2
el chavo,2
imouto sae ireba ii.,2
kutsujoku,2
wake up girls,2
celestial silfade story,2
dragon quest vi,2
dogeza de tanondemita,2
demonion,2
omoide no marnie,2
yorite konoha wa kurenai ni,2
magus tale,2
bakumatsu jinchuu houkoku resshiden miburo,2
my_little_pony_friendship_is_magic,2
phoebe and her unicorn,2
emperors saga,2
cyborg 009,2
deep space waifu,2
kenzen robo daimidaler,2
grander musashi,2
wooser no sonohigurashi,2
kablam,2
mr. men,2
the adventures of buratino,2
karlsson on the roof,2
the snow queen,2
the three bogatyrs,2
jumanji,2
the snack world,2
hajimete no gal,2
super planet dolan,2
viorate no atelier,2
just because,2
last period,2
zambot 3,2
nogi wakaba wa yuusha de aru,2
key the metal idol,2
gummibar and friends,2
saiki kusuo no psi nan,2
kurama-chan ni guitte shitara pishatte sareta,2
tomo-chan wa onnanoko,2
12-sai.,2
making fiends,2
free,2
care bears,2
quiz rpg mahoutsukai to kuroneko no wiz,2
chaos code,2
ramen daisuki koizumi-san,2
devilman,2
shiei no sona-nyl -what a beautiful memories-,2
fate prototype,2
goshujin-sama to kemonomimi no shoujo mel,2
magimoji rurumo,2
school for vampires,2
rilu rilu fairilu,2
the busy world of richard scarry,2
uchuusen sagittarius,2
triage x,2
lydie and suelle no atelier,2
octopath traveler,2
swapnote,2
phelios,2
kirara fantasia,2
shinken,2
guyver,2
pochamaider,2
kantai_collection,2
miyakawa-ke no kuufuku,2
asobi asobase,2
girls_frontline,2
frankenweenie,2
monicas gang,2
bojack horseman,2
soukou kijo iris,2
soul eater not,2
bonbonzaka koukou engekibu,2
gamers,2
chio-chan no tsuugakuro,2
jaiden animations,2
hoozuki no reitetsu,2
whos the boss,2
sora no kanata no dystopia,2
the brady bunch,2
sakura moyu.,2
shining star,2
leave it to beaver,2
hachigatsu no cinderella nine,2
pj masks,2
shugaten,2
miracle giants dome-kun,2
mezzo forte,2
the idolmaster sidem,2
streetpass mii plaza,2
princess sarah,2
jitaku keibiin,2
dragalia lost,2
okusan,2
banjo-kazooie,2
the baby snooks show,2
hen semi,2
wakaba-iro no quartet,2
kouya no kotobuki hikoutai,2
tales of legendia,2
hana no ko lunlun,2
sen no hatou tsukisome no kouki,2
lost saga,2
zetman,2
cop craft,2
midnight patrol adventures in the dream zone,2
magic adventures,2
sei senshi yariman 12,2
ghosts n goblins,2
gunslinger stratos,2
kaiju girls,2
onmyoji,2
happy kappy,2
black desert online,2
yawara,2
full house,2
manaria friends,2
tears to tiara,2
hataage kemono michi,2
black clover,2
sally the witch,2
epithet erased,2
ni no kuni,2
misty moon metropolis,2
pandemonium majutsushi no mura,2
mahoraba,2
amelia bedelia,2
meiji tokyo renka,2
assassins pride,2
shuudan,2
pacify,2
moana,2
tokyo mirage sessions fe,2
seven knights,2
les miserables,2
gun blaze west,2
elf mura,2
nancy,2
darwins game,2
the x-files,2
regalia the three sacred stars,2
granbelm,2
egao no daika,2
streets of rage,2
ar nosurge,2
mewkledreamy,2
tada-kun wa koi o shinai,2
queen emeraldas,2
groove adventure rave,2
ninjala,2
kiki kaikai,2
spirit circle,2
zukkoke sannin-gumi,2
what a cartoon,2
mechakko dotakon,2
watashi no ashinaga ojisan,2
river city girls,2
sidekick,2
siesta z,2
hotel dusk room 215,2
ratchet and clank,2
dont starve,2
dalk,2
hamrins,2
chii-chan no oshinagaki,2
penny arcade,2
el diario de daniela,2
kena bridge of spirits,2
kamikaze kaitou jeanne,2
aladdin,2
kedama no gonjirou,2
meru the succubus,2
eto rangers,2
hocus pocus,2
the emoji movie,2
atelier tanaka,2
miss machiko,2
unsounded,2
ousama ranking,2
momotaro dentetsu,2
mai mai miracle,2
song of the sea,2
shiroi suna no aquatope,2
mayuka no darling,2
sdorica,2
akuma no memumemu-chan,2
lou,2
shachiku-san wa youjo yuurei ni iyasaretai.,2
kirarin revolution,2
binchou-tan,2
celeste,2
stranger things,2
kanpani girls,2
paripi koumei,2
the sea beast,2
secret magic control agency,2
kinsou no vermeil,2
teamo supremo,2
peggle,2
1000-chan,2
caligula,2
eastward,2
r-type,2
ame o tsugeru hyouryuu danchi,2
earthbound zero,2
washio sumi wa yuusha de aru,2
bungou stray dogs,2
brawl stars,2
pups of liberty,2
dodge danpei,2
shijou saikyou no daimaou murabito a ni tensei suru,2
rocket girls,2
anima yell,2
ayakashi triangle,2
fear and hunger,2
preteena,2
anyas ghost,2
tanjou debut,2
kowloon youma gakuenki,2
nier,2
heroes of the storm,2
kuma kuma kuma bear,2
magical drop,2
battle angel alita,2
final fight,2
shuumatsu nani shitemasu ka isogashii desu ka sukutte moratte ii desu ka,2
primos,2
misoni no mikoto,2
enen no shouboutai,2
yu-gi-oh go rush,2
haiiro teien,2
soukyuu no fafner,2
nue no onmyouji,2
unicorn warriors eternal,2
cult of the lamb,2
mashin hero wataru,2
class of 3000,2
future boy conan,2
bakugan battle planet,2
huyao xiao hongniang,2
armored core,2
terao the next generation machine,2
super wings,2
luo bao bei,2
love live superstar,2
the oblongs,2
ziga,2
the princess and the frog,2
suki na ko ga megane wo wasureta,2
guardian tales,2
yokohama kaidashi kikou,2
candy land,2
kusuriya no hitorigoto,2
ruri dragon,2
nimona,2
ai no wakakusa monogatari,2
hoshi no shima no ruru-chan,2
akuyaku reijo level 99,2
shuuden-chan,2
villa dulce,2
ruby gillman teenage kraken,2
voicevox,2
grounded,2
lego friends,2
star trek,2
kamen rider hibiki,2
dance dance danseur,2
leo,2
dr. dimensionpants,2
monster loving maniacs,2
summer pockets,2
lv1 maou to one room yuusha,2
